title,date,rating,review
Delicious but expensive,2025-10-09,4,"Very good food and a pleasant atmosphere. The service was friendly, although we had to wait a little longer than expected."
A hidden gem,2026-07-13,3,"The food was decent but nothing particularly memorable. Service was okay, although a little slow during the busy period."
A hidden gem,2025-01-31,4,"Very good food and a pleasant atmosphere. The service was friendly, although we had to wait a little longer than expected."
Perfect for a date,2026-07-29,3,"The food was decent but nothing particularly memorable. Service was okay, although a little slow during the busy period."
Outstanding dishes,2025-08-14,5,One of the best restaurant experiences I've had recently. The dishes were delicious and the service was professional.
Not what I expected,2025-06-13,4,"Very good food and a pleasant atmosphere. The service was friendly, although we had to wait a little longer than expected."
Best meal in months,2025-08-09,3,An average experience. Some dishes were good while others lacked flavor. The atmosphere was pleasant but the prices felt a little high.
Solid choice,2025-04-10,2,"I expected much better. The staff were polite, but the food lacked flavor and the wait was excessive."
Outstanding dishes,2025-02-14,5,Everything was great from start to finish. The atmosphere was lovely and the food exceeded our expectations.
Great value,2025-03-22,4,"Good quality food and attentive service. There were a couple of small issues, but overall it was a very enjoyable dinner."
A hidden gem,2025-07-16,3,"Not bad, but I expected more based on the reviews. The meal was fine and the staff were polite."
A hidden gem,2025-10-24,1,"Unfortunately, almost everything went wrong. Our food arrived cold and the staff were not very helpful."
Really disappointing,2026-01-25,5,The food was excellent and every dish tasted fresh and well prepared. The staff were friendly and attentive. I would definitely come back.
Solid choice,2025-06-16,4,"Really enjoyed the meal. The food was flavorful and fresh, and the restaurant had a nice atmosphere."
Needs improvement,2025-03-15,3,"Not bad, but I expected more based on the reviews. The meal was fine and the staff were polite."
Outstanding dishes,2025-06-17,4,"A strong overall experience. Most dishes were excellent and the staff were helpful. Prices are slightly high, but I would return."
Great dinner experience,2025-11-29,3,An average experience. Some dishes were good while others lacked flavor. The atmosphere was pleasant but the prices felt a little high.
Would come back,2025-11-20,3,"The food was decent but nothing particularly memorable. Service was okay, although a little slow during the busy period."
Best meal in months,2026-08-04,3,An average experience. Some dishes were good while others lacked flavor. The atmosphere was pleasant but the prices felt a little high.
Outstanding dishes,2026-02-10,3,"The restaurant has potential, but the experience was inconsistent. A few dishes were excellent while others were disappointing."
Great value,2025-09-10,2,"The atmosphere was nice, but the food did not meet expectations. Service was also slower than it should have been."
Solid choice,2026-02-13,4,"Good quality food and attentive service. There were a couple of small issues, but overall it was a very enjoyable dinner."
Friendly staff,2026-06-06,3,An average experience. Some dishes were good while others lacked flavor. The atmosphere was pleasant but the prices felt a little high.
Excellent restaurant,2025-04-23,2,"Unfortunately, the experience was disappointing. The food took a long time to arrive and several dishes were only average."
Would come back,2025-03-07,4,"Good quality food and attentive service. There were a couple of small issues, but overall it was a very enjoyable dinner."
Really disappointing,2026-06-26,4,"Good quality food and attentive service. There were a couple of small issues, but overall it was a very enjoyable dinner."
Great value,2025-04-28,5,The food was excellent and every dish tasted fresh and well prepared. The staff were friendly and attentive. I would definitely come back.
Fantastic atmosphere,2025-04-25,5,Everything was great from start to finish. The atmosphere was lovely and the food exceeded our expectations.
Really disappointing,2025-01-04,4,"Good quality food and attentive service. There were a couple of small issues, but overall it was a very enjoyable dinner."
Worth visiting,2026-06-04,5,"We had a fantastic dinner. The flavors were balanced, the portions were generous, and the service was excellent. Highly recommended."
Needs improvement,2026-06-04,5,Everything was great from start to finish. The atmosphere was lovely and the food exceeded our expectations.
Great value,2025-06-15,3,"Not bad, but I expected more based on the reviews. The meal was fine and the staff were polite."
Friendly staff,2025-11-28,5,The food was excellent and every dish tasted fresh and well prepared. The staff were friendly and attentive. I would definitely come back.
Delicious but expensive,2025-11-11,1,"The meal was far below expectations. The dishes lacked flavor, the wait was long, and the overall experience was frustrating."
Friendly staff,2025-03-29,1,Very disappointing experience. The food was poorly prepared and the service was slow. I would not recommend this restaurant.
Friendly staff,2025-05-12,5,"We had a fantastic dinner. The flavors were balanced, the portions were generous, and the service was excellent. Highly recommended."
Average experience,2025-09-29,5,"We had a fantastic dinner. The flavors were balanced, the portions were generous, and the service was excellent. Highly recommended."
Great value,2025-08-05,5,One of the best restaurant experiences I've had recently. The dishes were delicious and the service was professional.
Would come back,2025-11-16,5,"We had a fantastic dinner. The flavors were balanced, the portions were generous, and the service was excellent. Highly recommended."
Average experience,2026-03-25,5,Everything was great from start to finish. The atmosphere was lovely and the food exceeded our expectations.
A hidden gem,2025-08-19,4,"A strong overall experience. Most dishes were excellent and the staff were helpful. Prices are slightly high, but I would return."
Amazing food and service,2025-08-14,3,An average experience. Some dishes were good while others lacked flavor. The atmosphere was pleasant but the prices felt a little high.
A hidden gem,2025-08-23,1,Very disappointing experience. The food was poorly prepared and the service was slow. I would not recommend this restaurant.
Average experience,2025-03-14,5,Everything was great from start to finish. The atmosphere was lovely and the food exceeded our expectations.
Great value,2025-08-08,3,"The restaurant has potential, but the experience was inconsistent. A few dishes were excellent while others were disappointing."
Friendly staff,2025-09-06,2,"I expected much better. The staff were polite, but the food lacked flavor and the wait was excessive."
Worth visiting,2025-04-07,5,"We had a fantastic dinner. The flavors were balanced, the portions were generous, and the service was excellent. Highly recommended."
Not what I expected,2026-03-10,4,"Really enjoyed the meal. The food was flavorful and fresh, and the restaurant had a nice atmosphere."
Great dinner experience,2025-04-11,4,"Very good food and a pleasant atmosphere. The service was friendly, although we had to wait a little longer than expected."
Delicious but expensive,2025-04-22,4,"Really enjoyed the meal. The food was flavorful and fresh, and the restaurant had a nice atmosphere."
Not what I expected,2025-05-24,3,"The restaurant has potential, but the experience was inconsistent. A few dishes were excellent while others were disappointing."
A hidden gem,2025-09-13,3,"The restaurant has potential, but the experience was inconsistent. A few dishes were excellent while others were disappointing."
Great value,2025-02-21,4,"Very good food and a pleasant atmosphere. The service was friendly, although we had to wait a little longer than expected."
"Good food, slow service",2025-08-31,5,The food was excellent and every dish tasted fresh and well prepared. The staff were friendly and attentive. I would definitely come back.
Would come back,2025-08-07,4,"Good quality food and attentive service. There were a couple of small issues, but overall it was a very enjoyable dinner."
Amazing food and service,2026-01-24,5,"We had a fantastic dinner. The flavors were balanced, the portions were generous, and the service was excellent. Highly recommended."
Fantastic atmosphere,2026-04-11,5,Everything was great from start to finish. The atmosphere was lovely and the food exceeded our expectations.
Perfect for a date,2025-06-08,4,"Good quality food and attentive service. There were a couple of small issues, but overall it was a very enjoyable dinner."
Great dinner experience,2026-07-10,3,"The food was decent but nothing particularly memorable. Service was okay, although a little slow during the busy period."
Beautiful place,2025-02-21,5,The food was excellent and every dish tasted fresh and well prepared. The staff were friendly and attentive. I would definitely come back.
Average experience,2025-02-28,4,"A strong overall experience. Most dishes were excellent and the staff were helpful. Prices are slightly high, but I would return."
Needs improvement,2025-03-12,2,"The atmosphere was nice, but the food did not meet expectations. Service was also slower than it should have been."
Worth visiting,2026-02-18,1,"Unfortunately, almost everything went wrong. Our food arrived cold and the staff were not very helpful."
Needs improvement,2025-02-10,5,"We had a fantastic dinner. The flavors were balanced, the portions were generous, and the service was excellent. Highly recommended."
Perfect for a date,2025-09-25,2,"We had a few good moments, but overall the meal was disappointing. The portions were small and the prices were too high."
Really disappointing,2025-09-02,4,"Really enjoyed the meal. The food was flavorful and fresh, and the restaurant had a nice atmosphere."
Best meal in months,2026-04-14,4,"Really enjoyed the meal. The food was flavorful and fresh, and the restaurant had a nice atmosphere."
Outstanding dishes,2025-01-10,5,The food was excellent and every dish tasted fresh and well prepared. The staff were friendly and attentive. I would definitely come back.
Great value,2025-03-17,4,"Very good food and a pleasant atmosphere. The service was friendly, although we had to wait a little longer than expected."
Solid choice,2025-05-16,3,"Not bad, but I expected more based on the reviews. The meal was fine and the staff were polite."
Fantastic atmosphere,2026-01-14,5,"We had a fantastic dinner. The flavors were balanced, the portions were generous, and the service was excellent. Highly recommended."
Amazing food and service,2026-06-26,2,"We had a few good moments, but overall the meal was disappointing. The portions were small and the prices were too high."
Excellent restaurant,2025-04-17,4,"Really enjoyed the meal. The food was flavorful and fresh, and the restaurant had a nice atmosphere."
Excellent restaurant,2026-07-21,3,"The food was decent but nothing particularly memorable. Service was okay, although a little slow during the busy period."
Perfect for a date,2025-12-18,3,An average experience. Some dishes were good while others lacked flavor. The atmosphere was pleasant but the prices felt a little high.
Friendly staff,2026-06-02,5,Everything was great from start to finish. The atmosphere was lovely and the food exceeded our expectations.
Not what I expected,2025-04-05,3,"The food was decent but nothing particularly memorable. Service was okay, although a little slow during the busy period."
Best meal in months,2025-01-04,5,The food was excellent and every dish tasted fresh and well prepared. The staff were friendly and attentive. I would definitely come back.
Outstanding dishes,2025-06-15,5,Everything was great from start to finish. The atmosphere was lovely and the food exceeded our expectations.
Amazing food and service,2026-07-29,4,"Good quality food and attentive service. There were a couple of small issues, but overall it was a very enjoyable dinner."
Great dinner experience,2026-07-13,2,"The atmosphere was nice, but the food did not meet expectations. Service was also slower than it should have been."
Excellent restaurant,2026-03-17,5,"We had a fantastic dinner. The flavors were balanced, the portions were generous, and the service was excellent. Highly recommended."
Solid choice,2025-02-10,1,"The meal was far below expectations. The dishes lacked flavor, the wait was long, and the overall experience was frustrating."
Solid choice,2025-04-16,3,An average experience. Some dishes were good while others lacked flavor. The atmosphere was pleasant but the prices felt a little high.
Delicious but expensive,2025-06-08,5,One of the best restaurant experiences I've had recently. The dishes were delicious and the service was professional.
Amazing food and service,2026-02-27,5,"We had a fantastic dinner. The flavors were balanced, the portions were generous, and the service was excellent. Highly recommended."
Delicious but expensive,2026-02-26,2,"We had a few good moments, but overall the meal was disappointing. The portions were small and the prices were too high."
Great dinner experience,2026-01-27,3,"The food was decent but nothing particularly memorable. Service was okay, although a little slow during the busy period."
Outstanding dishes,2025-07-24,5,"We had a fantastic dinner. The flavors were balanced, the portions were generous, and the service was excellent. Highly recommended."
Amazing food and service,2025-08-17,3,An average experience. Some dishes were good while others lacked flavor. The atmosphere was pleasant but the prices felt a little high.
Really disappointing,2025-12-03,4,"Good quality food and attentive service. There were a couple of small issues, but overall it was a very enjoyable dinner."
Average experience,2025-12-26,5,Everything was great from start to finish. The atmosphere was lovely and the food exceeded our expectations.
Worth visiting,2025-01-29,4,"Really enjoyed the meal. The food was flavorful and fresh, and the restaurant had a nice atmosphere."
Beautiful place,2025-07-02,5,Everything was great from start to finish. The atmosphere was lovely and the food exceeded our expectations.
Worth visiting,2025-02-09,5,Everything was great from start to finish. The atmosphere was lovely and the food exceeded our expectations.
Not what I expected,2025-11-18,4,"Really enjoyed the meal. The food was flavorful and fresh, and the restaurant had a nice atmosphere."
Beautiful place,2026-01-30,4,"Very good food and a pleasant atmosphere. The service was friendly, although we had to wait a little longer than expected."
Amazing food and service,2026-03-23,3,"The food was decent but nothing particularly memorable. Service was okay, although a little slow during the busy period."
Not what I expected,2026-01-08,4,"A strong overall experience. Most dishes were excellent and the staff were helpful. Prices are slightly high, but I would return."
Worth visiting,2025-11-18,1,"The meal was far below expectations. The dishes lacked flavor, the wait was long, and the overall experience was frustrating."
